"","countrycode","regioncode","population_region","p_w_regs_only","p_m_regs_only","recent_p_w_regs_only","recent_p_m_regs_only","sumreach_regs","p_w_regs","p_m_regs","recent_p_w_regs","recent_p_m_regs","population_country","p_w_country_only","p_m_country_only","recent_p_w_country_only","recent_p_m_country_only","sumreach_country","p_w_country_rhs","p_m_country_rhs","sumreach_country_rhs","recent_p_w_country_rhs","recent_p_m_country_rhs","recent_sumreach_country_rhs","p_w_country","p_m_country","recent_p_w_country","recent_p_m_country"
"1","GB","GBENG",56286961,0.0653710247349823,0.0600349755634308,0.00184842883548983,0.00367647058823529,566,0.0653710247349823,0.0600349755634308,0.00184842883548983,0.00367647058823529,66796807,NA,NA,NA,NA,170,0.0580073905876811,0.051894909410487,793,0.00155759603560828,0.00309801270317677,793,NA,NA,NA,NA
"2","GB","GBNIR",1893667,0.01,0.01,0,0,100,0.01,0.01,0,0,66796807,NA,NA,NA,NA,170,0.0580073905876811,0.051894909410487,793,0.00155759603560828,0.00309801270317677,793,NA,NA,NA,NA
"3","GB","GBSCT",5463300,0.032258064516129,0.0125,0,0,62,0.032258064516129,0.0125,0,0,66796807,NA,NA,NA,NA,170,0.0580073905876811,0.051894909410487,793,0.00155759603560828,0.00309801270317677,793,NA,NA,NA,NA
"4","GB","GBWLS",3152879,0,0,0,0,65,0,0,0,0,66796807,NA,NA,NA,NA,170,0.0580073905876811,0.051894909410487,793,0.00155759603560828,0.00309801270317677,793,NA,NA,NA,NA
