"","countrycode","regioncode","population_region","p_w_regs_only","p_m_regs_only","recent_p_w_regs_only","recent_p_m_regs_only","sumreach_regs","p_w_regs","p_m_regs","recent_p_w_regs","recent_p_m_regs","population_country","p_w_country_only","p_m_country_only","recent_p_w_country_only","recent_p_m_country_only","sumreach_country","p_w_country_rhs","p_m_country_rhs","sumreach_country_rhs","recent_p_w_country_rhs","recent_p_m_country_rhs","recent_sumreach_country_rhs","p_w_country","p_m_country","recent_p_w_country","recent_p_m_country"
"1","GB","GBENG",56286961,0.0437828371278459,0.0580726519856955,0.00529100529100529,0.00636363636363636,571,0.0437828371278459,0.0580726519856955,0.00529100529100529,0.00636363636363636,66796807,NA,NA,NA,NA,100,0.0507249485045905,0.0605275458090112,737,0.00467938761519573,0.00562802710445813,737,NA,NA,NA,NA
"2","GB","GBNIR",1893667,0.01,0.01,0,0,100,0.01,0.01,0,0,66796807,NA,NA,NA,NA,100,0.0507249485045905,0.0605275458090112,737,0.00467938761519573,0.00562802710445813,737,NA,NA,NA,NA
"3","GB","GBSCT",5463300,0.136363636363636,0.103333333333333,0,0,66,0.136363636363636,0.103333333333333,0,0,66796807,NA,NA,NA,NA,100,0.0507249485045905,0.0605275458090112,737,0.00467938761519573,0.00562802710445813,737,NA,NA,NA,NA
"4","GB","GBWLS",3152879,NA,NA,NA,NA,26,NA,NA,NA,NA,66796807,NA,NA,NA,NA,100,0.0507249485045905,0.0605275458090112,737,0.00467938761519573,0.00562802710445813,737,NA,NA,NA,NA
