"","countrycode","regioncode","population_region","p_w_regs_only","p_m_regs_only","recent_p_w_regs_only","recent_p_m_regs_only","sumreach_regs","p_w_regs","p_m_regs","recent_p_w_regs","recent_p_m_regs","population_country","p_w_country_only","p_m_country_only","recent_p_w_country_only","recent_p_m_country_only","sumreach_country","p_w_country_rhs","p_m_country_rhs","sumreach_country_rhs","recent_p_w_country_rhs","recent_p_m_country_rhs","recent_sumreach_country_rhs","p_w_country","p_m_country","recent_p_w_country","recent_p_m_country"
"1","GB","GBENG",56286961,0.0477031802120141,0.0562359307359307,0.00362976406533575,0.00222222222222222,566,0.0477031802120141,0.0562359307359307,0.00362976406533575,0.00222222222222222,66796807,NA,NA,NA,NA,100,0.0451689882995533,0.0553550200442065,762,0.00321017879953536,0.0019653427983822,762,NA,NA,NA,NA
"2","GB","GBNIR",1893667,0.01,0.01,0,0,100,0.01,0.01,0,0,66796807,NA,NA,NA,NA,100,0.0451689882995533,0.0553550200442065,762,0.00321017879953536,0.0019653427983822,762,NA,NA,NA,NA
"3","GB","GBSCT",5463300,0.03125,0.062,0,0,96,0.03125,0.062,0,0,66796807,NA,NA,NA,NA,100,0.0451689882995533,0.0553550200442065,762,0.00321017879953536,0.0019653427983822,762,NA,NA,NA,NA
"4","GB","GBWLS",3152879,NA,NA,NA,NA,26,NA,NA,NA,NA,66796807,NA,NA,NA,NA,100,0.0451689882995533,0.0553550200442065,762,0.00321017879953536,0.0019653427983822,762,NA,NA,NA,NA
