"","countrycode","regioncode","population_region","p_w_regs_only","p_m_regs_only","recent_p_w_regs_only","recent_p_m_regs_only","sumreach_regs","p_w_regs","p_m_regs","recent_p_w_regs","recent_p_m_regs","population_country","p_w_country_only","p_m_country_only","recent_p_w_country_only","recent_p_m_country_only","sumreach_country","p_w_country_rhs","p_m_country_rhs","sumreach_country_rhs","recent_p_w_country_rhs","recent_p_m_country_rhs","recent_sumreach_country_rhs","p_w_country","p_m_country","recent_p_w_country","recent_p_m_country"
"1","GB","GBENG",56286961,0.0538194444444444,0.064587012987013,0.00533807829181495,0.00608695652173913,576,0.0538194444444444,0.064587012987013,0.00533807829181495,0.00608695652173913,66796807,NA,NA,NA,NA,100,0.0555488800880002,0.0590704784901843,775,0.0044981821455378,0.00512923146682484,775,NA,NA,NA,NA
"2","GB","GBNIR",1893667,0.01,0.01,0,0,100,0.01,0.01,0,0,66796807,NA,NA,NA,NA,100,0.0555488800880002,0.0590704784901843,775,0.0044981821455378,0.00512923146682484,775,NA,NA,NA,NA
"3","GB","GBSCT",5463300,0.121212121212121,0.0533333333333333,0,0,66,0.121212121212121,0.0533333333333333,0,0,66796807,NA,NA,NA,NA,100,0.0555488800880002,0.0590704784901843,775,0.0044981821455378,0.00512923146682484,775,NA,NA,NA,NA
"4","GB","GBWLS",3152879,0,0,0,0,33,0,0,0,0,66796807,NA,NA,NA,NA,100,0.0555488800880002,0.0590704784901843,775,0.0044981821455378,0.00512923146682484,775,NA,NA,NA,NA
