"","countrycode","regioncode","population_region","p_w_regs_only","p_m_regs_only","recent_p_w_regs_only","recent_p_m_regs_only","sumreach_regs","p_w_regs","p_m_regs","recent_p_w_regs","recent_p_m_regs","population_country","p_w_country_only","p_m_country_only","recent_p_w_country_only","recent_p_m_country_only","sumreach_country","p_w_country_rhs","p_m_country_rhs","sumreach_country_rhs","recent_p_w_country_rhs","recent_p_m_country_rhs","recent_sumreach_country_rhs","p_w_country","p_m_country","recent_p_w_country","recent_p_m_country"
"1","GB","GBENG",56286961,0.0392491467576792,0.0490702947845805,0.00524475524475524,0.00736842105263158,586,0.0392491467576792,0.0490702947845805,0.00524475524475524,0.00736842105263158,66796807,NA,NA,NA,NA,100,0.0385863889927216,0.0497044343145851,782,0.00463848387730066,0.00651666296305678,782,NA,NA,NA,NA
"2","GB","GBNIR",1893667,0.01,0.01,0,0,100,0.01,0.01,0,0,66796807,NA,NA,NA,NA,100,0.0385863889927216,0.0497044343145851,782,0.00463848387730066,0.00651666296305678,782,NA,NA,NA,NA
"3","GB","GBSCT",5463300,0.0416666666666667,0.07,0,0,96,0.0416666666666667,0.07,0,0,66796807,NA,NA,NA,NA,100,0.0385863889927216,0.0497044343145851,782,0.00463848387730066,0.00651666296305678,782,NA,NA,NA,NA
"4","GB","GBWLS",3152879,NA,NA,NA,NA,26,NA,NA,NA,NA,66796807,NA,NA,NA,NA,100,0.0385863889927216,0.0497044343145851,782,0.00463848387730066,0.00651666296305678,782,NA,NA,NA,NA
