"","countrycode","regioncode","population_region","p_w_regs_only","p_m_regs_only","recent_p_w_regs_only","recent_p_m_regs_only","sumreach_regs","p_w_regs","p_m_regs","recent_p_w_regs","recent_p_m_regs","population_country","p_w_country_only","p_m_country_only","recent_p_w_country_only","recent_p_m_country_only","sumreach_country","p_w_country_rhs","p_m_country_rhs","sumreach_country_rhs","recent_p_w_country_rhs","recent_p_m_country_rhs","recent_sumreach_country_rhs","p_w_country","p_m_country","recent_p_w_country","recent_p_m_country"
"1","GB","GBENG",56286961,0.0549828178694158,0.0624436483057173,0.00177619893428064,0.00384615384615385,582,0.0549828178694158,0.0624436483057173,0.00177619893428064,0.00384615384615385,66796807,NA,NA,NA,NA,100,0.0606302591761993,0.0643932735717007,748,0.00157087790279217,0.00340155484335382,748,NA,NA,NA,NA
"2","GB","GBNIR",1893667,0.01,0.01,0,0,100,0.01,0.01,0,0,66796807,NA,NA,NA,NA,100,0.0606302591761993,0.0643932735717007,748,0.00157087790279217,0.00340155484335382,748,NA,NA,NA,NA
"3","GB","GBSCT",5463300,0.136363636363636,0.103333333333333,0,0,66,0.136363636363636,0.103333333333333,0,0,66796807,NA,NA,NA,NA,100,0.0606302591761993,0.0643932735717007,748,0.00157087790279217,0.00340155484335382,748,NA,NA,NA,NA
"4","GB","GBWLS",3152879,NA,NA,NA,NA,26,NA,NA,NA,NA,66796807,NA,NA,NA,NA,100,0.0606302591761993,0.0643932735717007,748,0.00157087790279217,0.00340155484335382,748,NA,NA,NA,NA
