"","countrycode","regioncode","population_region","p_w_regs_only","p_m_regs_only","recent_p_w_regs_only","recent_p_m_regs_only","sumreach_regs","p_w_regs","p_m_regs","recent_p_w_regs","recent_p_m_regs","population_country","p_w_country_only","p_m_country_only","recent_p_w_country_only","recent_p_m_country_only","sumreach_country","p_w_country_rhs","p_m_country_rhs","sumreach_country_rhs","recent_p_w_country_rhs","recent_p_m_country_rhs","recent_sumreach_country_rhs","p_w_country","p_m_country","recent_p_w_country","recent_p_m_country"
"1","GB","GBENG",56286961,0.0365853658536585,0.0431904761904762,0.00535714285714286,0.00777777777777778,574,0.0365853658536585,0.0431904761904762,0.00535714285714286,0.00777777777777778,66796807,NA,NA,NA,NA,100,0.0391569498132166,0.0458777641585033,740,0.00473787996038567,0.00687869979433772,740,NA,NA,NA,NA
"2","GB","GBNIR",1893667,0.01,0.01,0,0,100,0.01,0.01,0,0,66796807,NA,NA,NA,NA,100,0.0391569498132166,0.0458777641585033,740,0.00473787996038567,0.00687869979433772,740,NA,NA,NA,NA
"3","GB","GBSCT",5463300,0.0757575757575758,0.086,0,0,66,0.0757575757575758,0.086,0,0,66796807,NA,NA,NA,NA,100,0.0391569498132166,0.0458777641585033,740,0.00473787996038567,0.00687869979433772,740,NA,NA,NA,NA
"4","GB","GBWLS",3152879,NA,NA,NA,NA,26,NA,NA,NA,NA,66796807,NA,NA,NA,NA,100,0.0391569498132166,0.0458777641585033,740,0.00473787996038567,0.00687869979433772,740,NA,NA,NA,NA
