"","countrycode","regioncode","population_region","p_w_regs_only","p_m_regs_only","recent_p_w_regs_only","recent_p_m_regs_only","sumreach_regs","p_w_regs","p_m_regs","recent_p_w_regs","recent_p_m_regs","population_country","p_w_country_only","p_m_country_only","recent_p_w_country_only","recent_p_m_country_only","sumreach_country","p_w_country_rhs","p_m_country_rhs","sumreach_country_rhs","recent_p_w_country_rhs","recent_p_m_country_rhs","recent_sumreach_country_rhs","p_w_country","p_m_country","recent_p_w_country","recent_p_m_country"
"1","GB","GBENG",56286961,0.0495207667731629,0.065645618749067,0.00494233937397035,0.00538461538461539,626,0.0495207667731629,0.065645618749067,0.00494233937397035,0.00538461538461539,66796807,NA,NA,NA,NA,100,0.0555394717002872,0.065985174878211,786,0.00437102599310705,0.00476217678069534,786,NA,NA,NA,NA
"2","GB","GBNIR",1893667,0.01,0.01,0,0,100,0.01,0.01,0,0,66796807,NA,NA,NA,NA,100,0.0555394717002872,0.065985174878211,786,0.00437102599310705,0.00476217678069534,786,NA,NA,NA,NA
"3","GB","GBSCT",5463300,0.133333333333333,0.0888888888888889,0,0,60,0.133333333333333,0.0888888888888889,0,0,66796807,NA,NA,NA,NA,100,0.0555394717002872,0.065985174878211,786,0.00437102599310705,0.00476217678069534,786,NA,NA,NA,NA
"4","GB","GBWLS",3152879,NA,NA,NA,NA,26,NA,NA,NA,NA,66796807,NA,NA,NA,NA,100,0.0555394717002872,0.065985174878211,786,0.00437102599310705,0.00476217678069534,786,NA,NA,NA,NA
