"","countrycode","regioncode","population_region","p_w_regs_only","p_m_regs_only","recent_p_w_regs_only","recent_p_m_regs_only","sumreach_regs","p_w_regs","p_m_regs","recent_p_w_regs","recent_p_m_regs","population_country","p_w_country_only","p_m_country_only","recent_p_w_country_only","recent_p_m_country_only","sumreach_country","p_w_country_rhs","p_m_country_rhs","sumreach_country_rhs","recent_p_w_country_rhs","recent_p_m_country_rhs","recent_sumreach_country_rhs","p_w_country","p_m_country","recent_p_w_country","recent_p_m_country"
"1","GB","GBENG",56286961,0.041958041958042,0.0547599370326643,0.00528169014084507,0.00666666666666667,572,0.041958041958042,0.0547599370326643,0.00528169014084507,0.00666666666666667,66796807,NA,NA,NA,NA,100,0.049111091884117,0.0575977665947965,738,0.00467114925671827,0.00589602839514662,738,NA,NA,NA,NA
"2","GB","GBNIR",1893667,0.01,0.01,0,0,100,0.01,0.01,0,0,66796807,NA,NA,NA,NA,100,0.049111091884117,0.0575977665947965,738,0.00467114925671827,0.00589602839514662,738,NA,NA,NA,NA
"3","GB","GBSCT",5463300,0.136363636363636,0.103333333333333,0,0,66,0.136363636363636,0.103333333333333,0,0,66796807,NA,NA,NA,NA,100,0.049111091884117,0.0575977665947965,738,0.00467114925671827,0.00589602839514662,738,NA,NA,NA,NA
"4","GB","GBWLS",3152879,NA,NA,NA,NA,26,NA,NA,NA,NA,66796807,NA,NA,NA,NA,100,0.049111091884117,0.0575977665947965,738,0.00467114925671827,0.00589602839514662,738,NA,NA,NA,NA
