"","countrycode","regioncode","population_region","p_w_regs_only","p_m_regs_only","recent_p_w_regs_only","recent_p_m_regs_only","sumreach_regs","p_w_regs","p_m_regs","recent_p_w_regs","recent_p_m_regs","population_country","p_w_country_only","p_m_country_only","recent_p_w_country_only","recent_p_m_country_only","sumreach_country","p_w_country_rhs","p_m_country_rhs","sumreach_country_rhs","recent_p_w_country_rhs","recent_p_m_country_rhs","recent_sumreach_country_rhs","p_w_country","p_m_country","recent_p_w_country","recent_p_m_country"
"1","GB","GBENG",56286961,0.110344827586207,0.121085434173669,0.00344827586206897,0.00178571428571429,580,0.110344827586207,0.121085434173669,0.00344827586206897,0.00178571428571429,66796807,NA,NA,NA,NA,0,0.108625267887697,0.118415608759371,635,0.00314319268975264,0.00162772478576476,635,NA,NA,NA,NA
"2","GB","GBNIR",1893667,NA,NA,NA,NA,0,NA,NA,NA,NA,66796807,NA,NA,NA,NA,0,0.108625267887697,0.118415608759371,635,0.00314319268975264,0.00162772478576476,635,NA,NA,NA,NA
"3","GB","GBSCT",5463300,0.0909090909090909,0.0909090909090909,0,0,55,0.0909090909090909,0.0909090909090909,0,0,66796807,NA,NA,NA,NA,0,0.108625267887697,0.118415608759371,635,0.00314319268975264,0.00162772478576476,635,NA,NA,NA,NA
"4","GB","GBWLS",3152879,NA,NA,NA,NA,0,NA,NA,NA,NA,66796807,NA,NA,NA,NA,0,0.108625267887697,0.118415608759371,635,0.00314319268975264,0.00162772478576476,635,NA,NA,NA,NA
