"","countrycode","regioncode","population_region","p_w_regs_only","p_m_regs_only","recent_p_w_regs_only","recent_p_m_regs_only","sumreach_regs","p_w_regs","p_m_regs","recent_p_w_regs","recent_p_m_regs","population_country","p_w_country_only","p_m_country_only","recent_p_w_country_only","recent_p_m_country_only","sumreach_country","p_w_country_rhs","p_m_country_rhs","sumreach_country_rhs","recent_p_w_country_rhs","recent_p_m_country_rhs","recent_sumreach_country_rhs","p_w_country","p_m_country","recent_p_w_country","recent_p_m_country"
"1","GB","GBENG",56286961,0.0633116883116883,0.101341991341991,0.00487012987012987,0.00823529411764706,616,0.0633116883116883,0.101341991341991,0.00487012987012987,0.00823529411764706,66796807,NA,NA,NA,NA,100,0.058520321010797,0.0982228561431501,870,0.00430716360035061,0.00728332919400464,870,NA,NA,NA,NA
"2","GB","GBNIR",1893667,0.01,0.01,0,0,100,0.01,0.01,0,0,66796807,NA,NA,NA,NA,100,0.058520321010797,0.0982228561431501,870,0.00430716360035061,0.00728332919400464,870,NA,NA,NA,NA
"3","GB","GBSCT",5463300,0.025974025974026,0.0966666666666667,0,0,154,0.025974025974026,0.0966666666666667,0,0,66796807,NA,NA,NA,NA,100,0.058520321010797,0.0982228561431501,870,0.00430716360035061,0.00728332919400464,870,NA,NA,NA,NA
"4","GB","GBWLS",3152879,NA,NA,NA,NA,0,NA,NA,NA,NA,66796807,NA,NA,NA,NA,100,0.058520321010797,0.0982228561431501,870,0.00430716360035061,0.00728332919400464,870,NA,NA,NA,NA
