"","countrycode","regioncode","population_region","p_w_regs_only","p_m_regs_only","recent_p_w_regs_only","recent_p_m_regs_only","sumreach_regs","p_w_regs","p_m_regs","recent_p_w_regs","recent_p_m_regs","population_country","p_w_country_only","p_m_country_only","recent_p_w_country_only","recent_p_m_country_only","sumreach_country","p_w_country_rhs","p_m_country_rhs","sumreach_country_rhs","recent_p_w_country_rhs","recent_p_m_country_rhs","recent_sumreach_country_rhs","p_w_country","p_m_country","recent_p_w_country","recent_p_m_country"
"1","GB","GBENG",56286961,0.0632688927943761,0.075078940667176,0.00183823529411765,0.0032258064516129,569,0.0632688927943761,0.075078940667176,0.00183823529411765,0.0032258064516129,66796807,NA,NA,NA,NA,100,0.0635115470870997,0.0679116005538206,785,0.00154900635158839,0.00271825630730349,785,NA,NA,NA,NA
"2","GB","GBNIR",1893667,0.01,0.01,0,0,100,0.01,0.01,0,0,66796807,NA,NA,NA,NA,100,0.0635115470870997,0.0679116005538206,785,0.00154900635158839,0.00271825630730349,785,NA,NA,NA,NA
"3","GB","GBSCT",5463300,0.121212121212121,0.0533333333333333,0,0,66,0.121212121212121,0.0533333333333333,0,0,66796807,NA,NA,NA,NA,100,0.0635115470870997,0.0679116005538206,785,0.00154900635158839,0.00271825630730349,785,NA,NA,NA,NA
"4","GB","GBWLS",3152879,0,0,0,0,50,0,0,0,0,66796807,NA,NA,NA,NA,100,0.0635115470870997,0.0679116005538206,785,0.00154900635158839,0.00271825630730349,785,NA,NA,NA,NA
