"","countrycode","regioncode","population_region","p_w_regs_only","p_m_regs_only","recent_p_w_regs_only","recent_p_m_regs_only","sumreach_regs","p_w_regs","p_m_regs","recent_p_w_regs","recent_p_m_regs","population_country","p_w_country_only","p_m_country_only","recent_p_w_country_only","recent_p_m_country_only","sumreach_country","p_w_country_rhs","p_m_country_rhs","sumreach_country_rhs","recent_p_w_country_rhs","recent_p_m_country_rhs","recent_sumreach_country_rhs","p_w_country","p_m_country","recent_p_w_country","recent_p_m_country"
"1","GB","GBENG",56286961,0.0654362416107383,0.102224344283168,0.00503355704697987,0.00823529411764706,596,0.0654362416107383,0.102224344283168,0.00503355704697987,0.00823529411764706,66796807,NA,NA,NA,NA,100,0.0603992849975271,0.0990032128425078,850,0.00445169929163754,0.00728332919400464,850,NA,NA,NA,NA
"2","GB","GBNIR",1893667,0.01,0.01,0,0,100,0.01,0.01,0,0,66796807,NA,NA,NA,NA,100,0.0603992849975271,0.0990032128425078,850,0.00445169929163754,0.00728332919400464,850,NA,NA,NA,NA
"3","GB","GBSCT",5463300,0.025974025974026,0.0966666666666667,0,0,154,0.025974025974026,0.0966666666666667,0,0,66796807,NA,NA,NA,NA,100,0.0603992849975271,0.0990032128425078,850,0.00445169929163754,0.00728332919400464,850,NA,NA,NA,NA
"4","GB","GBWLS",3152879,NA,NA,NA,NA,0,NA,NA,NA,NA,66796807,NA,NA,NA,NA,100,0.0603992849975271,0.0990032128425078,850,0.00445169929163754,0.00728332919400464,850,NA,NA,NA,NA
