"","countrycode","regioncode","population_region","p_w_regs_only","p_m_regs_only","recent_p_w_regs_only","recent_p_m_regs_only","sumreach_regs","p_w_regs","p_m_regs","recent_p_w_regs","recent_p_m_regs","population_country","p_w_country_only","p_m_country_only","recent_p_w_country_only","recent_p_m_country_only","sumreach_country","p_w_country_rhs","p_m_country_rhs","sumreach_country_rhs","recent_p_w_country_rhs","recent_p_m_country_rhs","recent_sumreach_country_rhs","p_w_country","p_m_country","recent_p_w_country","recent_p_m_country"
"1","GB","GBENG",56286961,0.0493827160493827,0.0727065687935253,0.00532859680284192,0.00636363636363636,567,0.0493827160493827,0.0727065687935253,0.00532859680284192,0.00636363636363636,66796807,NA,NA,NA,NA,200,0.0622847113136336,0.0798602783514291,742,0.00471263370837651,0.00562802710445813,742,NA,NA,NA,NA
"2","GB","GBNIR",1893667,0.01,0.01,0,0,100,0.01,0.01,0,0,66796807,NA,NA,NA,NA,200,0.0622847113136336,0.0798602783514291,742,0.00471263370837651,0.00562802710445813,742,NA,NA,NA,NA
"3","GB","GBSCT",5463300,0.213333333333333,0.177777777777778,0,0,75,0.213333333333333,0.177777777777778,0,0,66796807,NA,NA,NA,NA,200,0.0622847113136336,0.0798602783514291,742,0.00471263370837651,0.00562802710445813,742,NA,NA,NA,NA
"4","GB","GBWLS",3152879,NA,NA,NA,NA,26,NA,NA,NA,NA,66796807,NA,NA,NA,NA,200,0.0622847113136336,0.0798602783514291,742,0.00471263370837651,0.00562802710445813,742,NA,NA,NA,NA
