"","countrycode","regioncode","population_region","p_w_regs_only","p_m_regs_only","recent_p_w_regs_only","recent_p_m_regs_only","sumreach_regs","p_w_regs","p_m_regs","recent_p_w_regs","recent_p_m_regs","population_country","p_w_country_only","p_m_country_only","recent_p_w_country_only","recent_p_m_country_only","sumreach_country","p_w_country_rhs","p_m_country_rhs","sumreach_country_rhs","recent_p_w_country_rhs","recent_p_m_country_rhs","recent_sumreach_country_rhs","p_w_country","p_m_country","recent_p_w_country","recent_p_m_country"
"1","GB","GBENG",56286961,0.0601769911504425,0.076795183982684,0.00185185185185185,0.00344827586206897,565,0.0601769911504425,0.076795183982684,0.00185185185185185,0.00344827586206897,66796807,NA,NA,NA,NA,100,0.0609061269320925,0.0693578092111672,781,0.00156048047271126,0.00290572225953132,781,NA,NA,NA,NA
"2","GB","GBNIR",1893667,0.01,0.01,0,0,100,0.01,0.01,0,0,66796807,NA,NA,NA,NA,100,0.0609061269320925,0.0693578092111672,781,0.00156048047271126,0.00290572225953132,781,NA,NA,NA,NA
"3","GB","GBSCT",5463300,0.121212121212121,0.0533333333333333,0,0,66,0.121212121212121,0.0533333333333333,0,0,66796807,NA,NA,NA,NA,100,0.0609061269320925,0.0693578092111672,781,0.00156048047271126,0.00290572225953132,781,NA,NA,NA,NA
"4","GB","GBWLS",3152879,0,0,0,0,50,0,0,0,0,66796807,NA,NA,NA,NA,100,0.0609061269320925,0.0693578092111672,781,0.00156048047271126,0.00290572225953132,781,NA,NA,NA,NA
