"","countrycode","regioncode","population_region","p_w_regs_only","p_m_regs_only","recent_p_w_regs_only","recent_p_m_regs_only","sumreach_regs","p_w_regs","p_m_regs","recent_p_w_regs","recent_p_m_regs","population_country","p_w_country_only","p_m_country_only","recent_p_w_country_only","recent_p_m_country_only","sumreach_country","p_w_country_rhs","p_m_country_rhs","sumreach_country_rhs","recent_p_w_country_rhs","recent_p_m_country_rhs","recent_sumreach_country_rhs","p_w_country","p_m_country","recent_p_w_country","recent_p_m_country"
"1","GB","GBENG",56286961,0.0671378091872792,0.104846423417852,0.00530035335689046,0.00666666666666667,566,0.0671378091872792,0.104846423417852,0.00530035335689046,0.00666666666666667,66796807,NA,NA,NA,NA,200,0.0825656128161955,0.115915271852959,726,0.00468765508448052,0.00589602839514662,726,NA,NA,NA,NA
"2","GB","GBNIR",1893667,0.01,0.01,0,0,100,0.01,0.01,0,0,66796807,NA,NA,NA,NA,200,0.0825656128161955,0.115915271852959,726,0.00468765508448052,0.00589602839514662,726,NA,NA,NA,NA
"3","GB","GBSCT",5463300,0.266666666666667,0.266666666666667,0,0,60,0.266666666666667,0.266666666666667,0,0,66796807,NA,NA,NA,NA,200,0.0825656128161955,0.115915271852959,726,0.00468765508448052,0.00589602839514662,726,NA,NA,NA,NA
"4","GB","GBWLS",3152879,NA,NA,NA,NA,26,NA,NA,NA,NA,66796807,NA,NA,NA,NA,200,0.0825656128161955,0.115915271852959,726,0.00468765508448052,0.00589602839514662,726,NA,NA,NA,NA
