"","countrycode","regioncode","population_region","p_w_regs_only","p_m_regs_only","recent_p_w_regs_only","recent_p_m_regs_only","sumreach_regs","p_w_regs","p_m_regs","recent_p_w_regs","recent_p_m_regs","population_country","p_w_country_only","p_m_country_only","recent_p_w_country_only","recent_p_m_country_only","sumreach_country","p_w_country_rhs","p_m_country_rhs","sumreach_country_rhs","recent_p_w_country_rhs","recent_p_m_country_rhs","recent_sumreach_country_rhs","p_w_country","p_m_country","recent_p_w_country","recent_p_m_country"
"1","GB","GBENG",56286961,0.0712121212121212,0.113186147186147,0.00454545454545455,0.007,660,0.0712121212121212,0.113186147186147,0.00454545454545455,0.007,66796807,NA,NA,NA,NA,100,0.073497088623078,0.115755969510141,844,0.00402001936032724,0.00619082981490395,844,NA,NA,NA,NA
"2","GB","GBNIR",1893667,0.01,0.01,0,0,100,0.01,0.01,0,0,66796807,NA,NA,NA,NA,100,0.073497088623078,0.115755969510141,844,0.00402001936032724,0.00619082981490395,844,NA,NA,NA,NA
"3","GB","GBSCT",5463300,0.119047619047619,0.178888888888889,0,0,84,0.119047619047619,0.178888888888889,0,0,66796807,NA,NA,NA,NA,100,0.073497088623078,0.115755969510141,844,0.00402001936032724,0.00619082981490395,844,NA,NA,NA,NA
"4","GB","GBWLS",3152879,NA,NA,NA,NA,0,NA,NA,NA,NA,66796807,NA,NA,NA,NA,100,0.073497088623078,0.115755969510141,844,0.00402001936032724,0.00619082981490395,844,NA,NA,NA,NA
