"","countrycode","regioncode","population_region","p_w_regs_only","p_m_regs_only","recent_p_w_regs_only","recent_p_m_regs_only","sumreach_regs","p_w_regs","p_m_regs","recent_p_w_regs","recent_p_m_regs","population_country","p_w_country_only","p_m_country_only","recent_p_w_country_only","recent_p_m_country_only","sumreach_country","p_w_country_rhs","p_m_country_rhs","sumreach_country_rhs","recent_p_w_country_rhs","recent_p_m_country_rhs","recent_sumreach_country_rhs","p_w_country","p_m_country","recent_p_w_country","recent_p_m_country"
"1","GB","GBENG",56286961,0.121112929623568,0.123339160839161,0.00327332242225859,0.0013986013986014,611,0.121112929623568,0.123339160839161,0.00327332242225859,0.0013986013986014,66796807,NA,NA,NA,NA,0,0.111173658529606,0.112721750859103,725,0.00298371810156551,0.0012748613706689,725,NA,NA,NA,NA
"2","GB","GBNIR",1893667,NA,NA,NA,NA,0,NA,NA,NA,NA,66796807,NA,NA,NA,NA,0,0.111173658529606,0.112721750859103,725,0.00298371810156551,0.0012748613706689,725,NA,NA,NA,NA
"3","GB","GBSCT",5463300,0.0087719298245614,0.00333333333333333,0,0,114,0.0087719298245614,0.00333333333333333,0,0,66796807,NA,NA,NA,NA,0,0.111173658529606,0.112721750859103,725,0.00298371810156551,0.0012748613706689,725,NA,NA,NA,NA
"4","GB","GBWLS",3152879,NA,NA,NA,NA,0,NA,NA,NA,NA,66796807,NA,NA,NA,NA,0,0.111173658529606,0.112721750859103,725,0.00298371810156551,0.0012748613706689,725,NA,NA,NA,NA
