"","countrycode","regioncode","population_region","p_w_regs_only","p_m_regs_only","recent_p_w_regs_only","recent_p_m_regs_only","sumreach_regs","p_w_regs","p_m_regs","recent_p_w_regs","recent_p_m_regs","population_country","p_w_country_only","p_m_country_only","recent_p_w_country_only","recent_p_m_country_only","sumreach_country","p_w_country_rhs","p_m_country_rhs","sumreach_country_rhs","recent_p_w_country_rhs","recent_p_m_country_rhs","recent_sumreach_country_rhs","p_w_country","p_m_country","recent_p_w_country","recent_p_m_country"
"1","GB","GBENG",56286961,0.0658978583196046,0.0705167748917749,0.00171821305841924,0.00344827586206897,607,0.0658978583196046,0.0705167748917749,0.00171821305841924,0.00344827586206897,66796807,NA,NA,NA,NA,100,0.0657268697444968,0.0640672484266967,806,0.00144786847983519,0.00290572225953132,806,NA,NA,NA,NA
"2","GB","GBNIR",1893667,0.01,0.01,0,0,100,0.01,0.01,0,0,66796807,NA,NA,NA,NA,100,0.0657268697444968,0.0640672484266967,806,0.00144786847983519,0.00290572225953132,806,NA,NA,NA,NA
"3","GB","GBSCT",5463300,0.121212121212121,0.0533333333333333,0,0,66,0.121212121212121,0.0533333333333333,0,0,66796807,NA,NA,NA,NA,100,0.0657268697444968,0.0640672484266967,806,0.00144786847983519,0.00290572225953132,806,NA,NA,NA,NA
"4","GB","GBWLS",3152879,0,0,0,0,33,0,0,0,0,66796807,NA,NA,NA,NA,100,0.0657268697444968,0.0640672484266967,806,0.00144786847983519,0.00290572225953132,806,NA,NA,NA,NA
