"","countrycode","regioncode","population_region","p_w_regs_only","p_m_regs_only","recent_p_w_regs_only","recent_p_m_regs_only","sumreach_regs","p_w_regs","p_m_regs","recent_p_w_regs","recent_p_m_regs","population_country","p_w_country_only","p_m_country_only","recent_p_w_country_only","recent_p_m_country_only","sumreach_country","p_w_country_rhs","p_m_country_rhs","sumreach_country_rhs","recent_p_w_country_rhs","recent_p_m_country_rhs","recent_sumreach_country_rhs","p_w_country","p_m_country","recent_p_w_country","recent_p_m_country"
"1","GB","GBENG",56286961,0.063943161634103,0.0700417972831766,0.00189393939393939,0.0037037037037037,563,0.063943161634103,0.0700417972831766,0.00189393939393939,0.0037037037037037,66796807,NA,NA,NA,NA,100,0.0640797261002855,0.0636670040537726,779,0.00159594593800015,0.00312096094542252,779,NA,NA,NA,NA
"2","GB","GBNIR",1893667,0.01,0.01,0,0,100,0.01,0.01,0,0,66796807,NA,NA,NA,NA,100,0.0640797261002855,0.0636670040537726,779,0.00159594593800015,0.00312096094542252,779,NA,NA,NA,NA
"3","GB","GBSCT",5463300,0.121212121212121,0.0533333333333333,0,0,66,0.121212121212121,0.0533333333333333,0,0,66796807,NA,NA,NA,NA,100,0.0640797261002855,0.0636670040537726,779,0.00159594593800015,0.00312096094542252,779,NA,NA,NA,NA
"4","GB","GBWLS",3152879,0,0,0,0,50,0,0,0,0,66796807,NA,NA,NA,NA,100,0.0640797261002855,0.0636670040537726,779,0.00159594593800015,0.00312096094542252,779,NA,NA,NA,NA
