"","countrycode","regioncode","population_region","p_w_regs_only","p_m_regs_only","recent_p_w_regs_only","recent_p_m_regs_only","sumreach_regs","p_w_regs","p_m_regs","recent_p_w_regs","recent_p_m_regs","population_country","p_w_country_only","p_m_country_only","recent_p_w_country_only","recent_p_m_country_only","sumreach_country","p_w_country_rhs","p_m_country_rhs","sumreach_country_rhs","recent_p_w_country_rhs","recent_p_m_country_rhs","recent_sumreach_country_rhs","p_w_country","p_m_country","recent_p_w_country","recent_p_m_country"
"1","GB","GBENG",56286961,0.0452173913043478,0.0543095238095238,0.00525394045534151,0.00736842105263158,575,0.0452173913043478,0.0543095238095238,0.00525394045534151,0.00736842105263158,66796807,NA,NA,NA,NA,100,0.0454905187778268,0.0550247640056918,741,0.00464660731666546,0.00651666296305678,741,NA,NA,NA,NA
"2","GB","GBNIR",1893667,0.01,0.01,0,0,100,0.01,0.01,0,0,66796807,NA,NA,NA,NA,100,0.0454905187778268,0.0550247640056918,741,0.00464660731666546,0.00651666296305678,741,NA,NA,NA,NA
"3","GB","GBSCT",5463300,0.0606060606060606,0.078,0,0,66,0.0606060606060606,0.078,0,0,66796807,NA,NA,NA,NA,100,0.0454905187778268,0.0550247640056918,741,0.00464660731666546,0.00651666296305678,741,NA,NA,NA,NA
"4","GB","GBWLS",3152879,NA,NA,NA,NA,26,NA,NA,NA,NA,66796807,NA,NA,NA,NA,100,0.0454905187778268,0.0550247640056918,741,0.00464660731666546,0.00651666296305678,741,NA,NA,NA,NA
