"","countrycode","regioncode","population_region","p_w_regs_only","p_m_regs_only","recent_p_w_regs_only","recent_p_m_regs_only","sumreach_regs","p_w_regs","p_m_regs","recent_p_w_regs","recent_p_m_regs","population_country","p_w_country_only","p_m_country_only","recent_p_w_country_only","recent_p_m_country_only","sumreach_country","p_w_country_rhs","p_m_country_rhs","sumreach_country_rhs","recent_p_w_country_rhs","recent_p_m_country_rhs","recent_sumreach_country_rhs","p_w_country","p_m_country","recent_p_w_country","recent_p_m_country"
"1","GB","GBENG",56286961,0.0753768844221105,0.116843949701093,0.0050251256281407,0.00666666666666667,597,0.0753768844221105,0.116843949701093,0.0050251256281407,0.00666666666666667,66796807,NA,NA,NA,NA,100,0.0776913851666862,0.117727165738597,801,0.00444424250890448,0.00589602839514662,801,NA,NA,NA,NA
"2","GB","GBNIR",1893667,0.01,0.01,0,0,100,0.01,0.01,0,0,66796807,NA,NA,NA,NA,100,0.0776913851666862,0.117727165738597,801,0.00444424250890448,0.00589602839514662,801,NA,NA,NA,NA
"3","GB","GBSCT",5463300,0.125,0.164166666666667,0,0,104,0.125,0.164166666666667,0,0,66796807,NA,NA,NA,NA,100,0.0776913851666862,0.117727165738597,801,0.00444424250890448,0.00589602839514662,801,NA,NA,NA,NA
"4","GB","GBWLS",3152879,NA,NA,NA,NA,0,NA,NA,NA,NA,66796807,NA,NA,NA,NA,100,0.0776913851666862,0.117727165738597,801,0.00444424250890448,0.00589602839514662,801,NA,NA,NA,NA
