"","countrycode","regioncode","population_region","p_w_regs_only","p_m_regs_only","recent_p_w_regs_only","recent_p_m_regs_only","sumreach_regs","p_w_regs","p_m_regs","recent_p_w_regs","recent_p_m_regs","population_country","p_w_country_only","p_m_country_only","recent_p_w_country_only","recent_p_m_country_only","sumreach_country","p_w_country_rhs","p_m_country_rhs","sumreach_country_rhs","recent_p_w_country_rhs","recent_p_m_country_rhs","recent_sumreach_country_rhs","p_w_country","p_m_country","recent_p_w_country","recent_p_m_country"
"1","GB","GBENG",56286961,0.0871080139372822,0.127958152958153,0.00174216027874564,0.00476190476190476,574,0.0871080139372822,0.127958152958153,0.00174216027874564,0.00476190476190476,66796807,NA,NA,NA,NA,100,0.0875554838541411,0.128820394332893,758,0.00154077397085713,0.00421144885367615,758,NA,NA,NA,NA
"2","GB","GBNIR",1893667,0.01,0.01,0,0,100,0.01,0.01,0,0,66796807,NA,NA,NA,NA,100,0.0875554838541411,0.128820394332893,758,0.00154077397085713,0.00421144885367615,758,NA,NA,NA,NA
"3","GB","GBSCT",5463300,0.119047619047619,0.178888888888889,0,0,84,0.119047619047619,0.178888888888889,0,0,66796807,NA,NA,NA,NA,100,0.0875554838541411,0.128820394332893,758,0.00154077397085713,0.00421144885367615,758,NA,NA,NA,NA
"4","GB","GBWLS",3152879,NA,NA,NA,NA,0,NA,NA,NA,NA,66796807,NA,NA,NA,NA,100,0.0875554838541411,0.128820394332893,758,0.00154077397085713,0.00421144885367615,758,NA,NA,NA,NA
