"","countrycode","regioncode","population_region","p_w_regs_only","p_m_regs_only","recent_p_w_regs_only","recent_p_m_regs_only","sumreach_regs","p_w_regs","p_m_regs","recent_p_w_regs","recent_p_m_regs","population_country","p_w_country_only","p_m_country_only","recent_p_w_country_only","recent_p_m_country_only","sumreach_country","p_w_country_rhs","p_m_country_rhs","sumreach_country_rhs","recent_p_w_country_rhs","recent_p_m_country_rhs","recent_sumreach_country_rhs","p_w_country","p_m_country","recent_p_w_country","recent_p_m_country"
"1","GB","GBENG",56286961,0.0895008605851979,0.113489553924337,0.00344234079173838,0.00173913043478261,581,0.0895008605851979,0.113489553924337,0.00344234079173838,0.00173913043478261,66796807,NA,NA,NA,NA,100,0.0901826898431768,0.11476052382635,785,0.00304442085807915,0.00153809436395129,785,NA,NA,NA,NA
"2","GB","GBNIR",1893667,0.01,0.01,0,0,100,0.01,0.01,0,0,66796807,NA,NA,NA,NA,100,0.0901826898431768,0.11476052382635,785,0.00304442085807915,0.00153809436395129,785,NA,NA,NA,NA
"3","GB","GBSCT",5463300,0.125,0.164166666666667,0,0,104,0.125,0.164166666666667,0,0,66796807,NA,NA,NA,NA,100,0.0901826898431768,0.11476052382635,785,0.00304442085807915,0.00153809436395129,785,NA,NA,NA,NA
"4","GB","GBWLS",3152879,NA,NA,NA,NA,0,NA,NA,NA,NA,66796807,NA,NA,NA,NA,100,0.0901826898431768,0.11476052382635,785,0.00304442085807915,0.00153809436395129,785,NA,NA,NA,NA
