"","countrycode","regioncode","population_region","p_w_regs_only","p_m_regs_only","recent_p_w_regs_only","recent_p_m_regs_only","sumreach_regs","p_w_regs","p_m_regs","recent_p_w_regs","recent_p_m_regs","population_country","p_w_country_only","p_m_country_only","recent_p_w_country_only","recent_p_m_country_only","sumreach_country","p_w_country_rhs","p_m_country_rhs","sumreach_country_rhs","recent_p_w_country_rhs","recent_p_m_country_rhs","recent_sumreach_country_rhs","p_w_country","p_m_country","recent_p_w_country","recent_p_m_country"
"1","GB","GBENG",56286961,0.0559322033898305,0.0672781385281385,0.00353982300884956,0.0019047619047619,590,0.0559322033898305,0.0672781385281385,0.00353982300884956,0.0019047619047619,66796807,NA,NA,NA,NA,100,0.0573292163900235,0.0613381808727164,789,0.00298286532836843,0.00160506562907444,789,NA,NA,NA,NA
"2","GB","GBNIR",1893667,0.01,0.01,0,0,100,0.01,0.01,0,0,66796807,NA,NA,NA,NA,100,0.0573292163900235,0.0613381808727164,789,0.00298286532836843,0.00160506562907444,789,NA,NA,NA,NA
"3","GB","GBSCT",5463300,0.121212121212121,0.0533333333333333,0,0,66,0.121212121212121,0.0533333333333333,0,0,66796807,NA,NA,NA,NA,100,0.0573292163900235,0.0613381808727164,789,0.00298286532836843,0.00160506562907444,789,NA,NA,NA,NA
"4","GB","GBWLS",3152879,0,0,0,0,33,0,0,0,0,66796807,NA,NA,NA,NA,100,0.0573292163900235,0.0613381808727164,789,0.00298286532836843,0.00160506562907444,789,NA,NA,NA,NA
