"","countrycode","regioncode","population_region","p_w_regs_only","p_m_regs_only","recent_p_w_regs_only","recent_p_m_regs_only","sumreach_regs","p_w_regs","p_m_regs","recent_p_w_regs","recent_p_m_regs","population_country","p_w_country_only","p_m_country_only","recent_p_w_country_only","recent_p_m_country_only","sumreach_country","p_w_country_rhs","p_m_country_rhs","sumreach_country_rhs","recent_p_w_country_rhs","recent_p_m_country_rhs","recent_sumreach_country_rhs","p_w_country","p_m_country","recent_p_w_country","recent_p_m_country"
"1","GB","GBENG",56286961,0.077720207253886,0.122456140350877,0.00518134715025907,0.00789473684210526,579,0.077720207253886,0.122456140350877,0.00518134715025907,0.00789473684210526,66796807,NA,NA,NA,NA,0,0.0788870821286899,0.11966504291381,634,0.00472293202087184,0.00719625694759156,634,NA,NA,NA,NA
"2","GB","GBNIR",1893667,NA,NA,NA,NA,0,NA,NA,NA,NA,66796807,NA,NA,NA,NA,0,0.0788870821286899,0.11966504291381,634,0.00472293202087184,0.00719625694759156,634,NA,NA,NA,NA
"3","GB","GBSCT",5463300,0.0909090909090909,0.0909090909090909,0,0,55,0.0909090909090909,0.0909090909090909,0,0,66796807,NA,NA,NA,NA,0,0.0788870821286899,0.11966504291381,634,0.00472293202087184,0.00719625694759156,634,NA,NA,NA,NA
"4","GB","GBWLS",3152879,NA,NA,NA,NA,0,NA,NA,NA,NA,66796807,NA,NA,NA,NA,0,0.0788870821286899,0.11966504291381,634,0.00472293202087184,0.00719625694759156,634,NA,NA,NA,NA
