"","countrycode","regioncode","population_region","p_w_regs_only","p_m_regs_only","recent_p_w_regs_only","recent_p_m_regs_only","sumreach_regs","p_w_regs","p_m_regs","recent_p_w_regs","recent_p_m_regs","population_country","p_w_country_only","p_m_country_only","recent_p_w_country_only","recent_p_m_country_only","sumreach_country","p_w_country_rhs","p_m_country_rhs","sumreach_country_rhs","recent_p_w_country_rhs","recent_p_m_country_rhs","recent_sumreach_country_rhs","p_w_country","p_m_country","recent_p_w_country","recent_p_m_country"
"1","GB","GBENG",56286961,0.0801815431164902,0.0970454545454545,0.00151285930408472,0.00271739130434783,661,0.0801815431164902,0.0970454545454545,0.00151285930408472,0.00271739130434783,66796807,NA,NA,NA,NA,170,0.0834735324458467,0.0997165493183776,831,0.00133797921221179,0.00240327244367389,831,NA,NA,NA,NA
"2","GB","GBNIR",1893667,0.01,0.01,0,0,100,0.01,0.01,0,0,66796807,NA,NA,NA,NA,170,0.0834735324458467,0.0997165493183776,831,0.00133797921221179,0.00240327244367389,831,NA,NA,NA,NA
"3","GB","GBSCT",5463300,0.142857142857143,0.158333333333333,0,0,70,0.142857142857143,0.158333333333333,0,0,66796807,NA,NA,NA,NA,170,0.0834735324458467,0.0997165493183776,831,0.00133797921221179,0.00240327244367389,831,NA,NA,NA,NA
"4","GB","GBWLS",3152879,NA,NA,NA,NA,0,NA,NA,NA,NA,66796807,NA,NA,NA,NA,170,0.0834735324458467,0.0997165493183776,831,0.00133797921221179,0.00240327244367389,831,NA,NA,NA,NA
