"","countrycode","regioncode","population_region","p_w_regs_only","p_m_regs_only","recent_p_w_regs_only","recent_p_m_regs_only","sumreach_regs","p_w_regs","p_m_regs","recent_p_w_regs","recent_p_m_regs","population_country","p_w_country_only","p_m_country_only","recent_p_w_country_only","recent_p_m_country_only","sumreach_country","p_w_country_rhs","p_m_country_rhs","sumreach_country_rhs","recent_p_w_country_rhs","recent_p_m_country_rhs","recent_sumreach_country_rhs","p_w_country","p_m_country","recent_p_w_country","recent_p_m_country"
"1","GB","GBENG",56286961,0.0944055944055944,0.105814479638009,0.0034965034965035,0.00192307692307692,572,0.0944055944055944,0.105814479638009,0.0034965034965035,0.00192307692307692,66796807,NA,NA,NA,NA,0,0.0940962443357632,0.104495738487381,627,0.00318715342667225,0.00175293438466974,627,NA,NA,NA,NA
"2","GB","GBNIR",1893667,NA,NA,NA,NA,0,NA,NA,NA,NA,66796807,NA,NA,NA,NA,0,0.0940962443357632,0.104495738487381,627,0.00318715342667225,0.00175293438466974,627,NA,NA,NA,NA
"3","GB","GBSCT",5463300,0.0909090909090909,0.0909090909090909,0,0,55,0.0909090909090909,0.0909090909090909,0,0,66796807,NA,NA,NA,NA,0,0.0940962443357632,0.104495738487381,627,0.00318715342667225,0.00175293438466974,627,NA,NA,NA,NA
"4","GB","GBWLS",3152879,NA,NA,NA,NA,0,NA,NA,NA,NA,66796807,NA,NA,NA,NA,0,0.0940962443357632,0.104495738487381,627,0.00318715342667225,0.00175293438466974,627,NA,NA,NA,NA
