"","countrycode","regioncode","population_region","p_w_regs_only","p_m_regs_only","recent_p_w_regs_only","recent_p_m_regs_only","sumreach_regs","p_w_regs","p_m_regs","recent_p_w_regs","recent_p_m_regs","population_country","p_w_country_only","p_m_country_only","recent_p_w_country_only","recent_p_m_country_only","sumreach_country","p_w_country_rhs","p_m_country_rhs","sumreach_country_rhs","recent_p_w_country_rhs","recent_p_m_country_rhs","recent_sumreach_country_rhs","p_w_country","p_m_country","recent_p_w_country","recent_p_m_country"
"1","GB","GBENG",56286961,0.106164383561644,0.138717948717949,0.00342465753424658,0.00384615384615385,584,0.106164383561644,0.138717948717949,0.00342465753424658,0.00384615384615385,66796807,NA,NA,NA,NA,0,0.104814684969298,0.134488102096456,639,0.00312166397269953,0.00350586876933948,639,NA,NA,NA,NA
"2","GB","GBNIR",1893667,NA,NA,NA,NA,0,NA,NA,NA,NA,66796807,NA,NA,NA,NA,0,0.104814684969298,0.134488102096456,639,0.00312166397269953,0.00350586876933948,639,NA,NA,NA,NA
"3","GB","GBSCT",5463300,0.0909090909090909,0.0909090909090909,0,0,55,0.0909090909090909,0.0909090909090909,0,0,66796807,NA,NA,NA,NA,0,0.104814684969298,0.134488102096456,639,0.00312166397269953,0.00350586876933948,639,NA,NA,NA,NA
"4","GB","GBWLS",3152879,NA,NA,NA,NA,0,NA,NA,NA,NA,66796807,NA,NA,NA,NA,0,0.104814684969298,0.134488102096456,639,0.00312166397269953,0.00350586876933948,639,NA,NA,NA,NA
