"","countrycode","regioncode","population_region","p_w_regs_only","p_m_regs_only","recent_p_w_regs_only","recent_p_m_regs_only","sumreach_regs","p_w_regs","p_m_regs","recent_p_w_regs","recent_p_m_regs","population_country","p_w_country_only","p_m_country_only","recent_p_w_country_only","recent_p_m_country_only","sumreach_country","p_w_country_rhs","p_m_country_rhs","sumreach_country_rhs","recent_p_w_country_rhs","recent_p_m_country_rhs","recent_sumreach_country_rhs","p_w_country","p_m_country","recent_p_w_country","recent_p_m_country"
"1","GB","GBENG",56286961,0.0786713286713287,0.124191263282172,0.00524475524475524,0.00636363636363636,572,0.0786713286713287,0.124191263282172,0.00524475524475524,0.00636363636363636,66796807,NA,NA,NA,NA,100,0.0800940434707945,0.125488941059248,756,0.00463848387730066,0.00562802710445813,756,NA,NA,NA,NA
"2","GB","GBNIR",1893667,0.01,0.01,0,0,100,0.01,0.01,0,0,66796807,NA,NA,NA,NA,100,0.0800940434707945,0.125488941059248,756,0.00463848387730066,0.00562802710445813,756,NA,NA,NA,NA
"3","GB","GBSCT",5463300,0.119047619047619,0.178888888888889,0,0,84,0.119047619047619,0.178888888888889,0,0,66796807,NA,NA,NA,NA,100,0.0800940434707945,0.125488941059248,756,0.00463848387730066,0.00562802710445813,756,NA,NA,NA,NA
"4","GB","GBWLS",3152879,NA,NA,NA,NA,0,NA,NA,NA,NA,66796807,NA,NA,NA,NA,100,0.0800940434707945,0.125488941059248,756,0.00463848387730066,0.00562802710445813,756,NA,NA,NA,NA
