"","countrycode","regioncode","population_region","p_w_regs_only","p_m_regs_only","recent_p_w_regs_only","recent_p_m_regs_only","sumreach_regs","p_w_regs","p_m_regs","recent_p_w_regs","recent_p_m_regs","population_country","p_w_country_only","p_m_country_only","recent_p_w_country_only","recent_p_m_country_only","sumreach_country","p_w_country_rhs","p_m_country_rhs","sumreach_country_rhs","recent_p_w_country_rhs","recent_p_m_country_rhs","recent_sumreach_country_rhs","p_w_country","p_m_country","recent_p_w_country","recent_p_m_country"
"1","GB","GBENG",56286961,0.0593368237347295,0.0950353155616313,0.00523560209424084,0.00736842105263158,573,0.0593368237347295,0.0950353155616313,0.00523560209424084,0.00736842105263158,66796807,NA,NA,NA,NA,200,0.0597354145660347,0.092686082198899,747,0.00463038879199996,0.00651666296305678,747,NA,NA,NA,NA
"2","GB","GBNIR",1893667,0.01,0.01,0,0,100,0.01,0.01,0,0,66796807,NA,NA,NA,NA,200,0.0597354145660347,0.092686082198899,747,0.00463038879199996,0.00651666296305678,747,NA,NA,NA,NA
"3","GB","GBSCT",5463300,0.0810810810810811,0.0971428571428571,0,0,74,0.0810810810810811,0.0971428571428571,0,0,66796807,NA,NA,NA,NA,200,0.0597354145660347,0.092686082198899,747,0.00463038879199996,0.00651666296305678,747,NA,NA,NA,NA
"4","GB","GBWLS",3152879,NA,NA,NA,NA,26,NA,NA,NA,NA,66796807,NA,NA,NA,NA,200,0.0597354145660347,0.092686082198899,747,0.00463038879199996,0.00651666296305678,747,NA,NA,NA,NA
