"","countrycode","regioncode","population_region","p_w_regs_only","p_m_regs_only","recent_p_w_regs_only","recent_p_m_regs_only","sumreach_regs","p_w_regs","p_m_regs","recent_p_w_regs","recent_p_m_regs","population_country","p_w_country_only","p_m_country_only","recent_p_w_country_only","recent_p_m_country_only","sumreach_country","p_w_country_rhs","p_m_country_rhs","sumreach_country_rhs","recent_p_w_country_rhs","recent_p_m_country_rhs","recent_sumreach_country_rhs","p_w_country","p_m_country","recent_p_w_country","recent_p_m_country"
"1","GB","GBENG",56286961,0.104056437389771,0.137207843137255,0.00352733686067019,0.004,567,0.104056437389771,0.137207843137255,0.00352733686067019,0.004,66796807,NA,NA,NA,NA,0,0.102893237479929,0.133111601778079,622,0.00321525883607853,0.00364610352011306,622,NA,NA,NA,NA
"2","GB","GBNIR",1893667,NA,NA,NA,NA,0,NA,NA,NA,NA,66796807,NA,NA,NA,NA,0,0.102893237479929,0.133111601778079,622,0.00321525883607853,0.00364610352011306,622,NA,NA,NA,NA
"3","GB","GBSCT",5463300,0.0909090909090909,0.0909090909090909,0,0,55,0.0909090909090909,0.0909090909090909,0,0,66796807,NA,NA,NA,NA,0,0.102893237479929,0.133111601778079,622,0.00321525883607853,0.00364610352011306,622,NA,NA,NA,NA
"4","GB","GBWLS",3152879,NA,NA,NA,NA,0,NA,NA,NA,NA,66796807,NA,NA,NA,NA,0,0.102893237479929,0.133111601778079,622,0.00321525883607853,0.00364610352011306,622,NA,NA,NA,NA
