"","countrycode","regioncode","population_region","p_w_regs_only","p_m_regs_only","recent_p_w_regs_only","recent_p_m_regs_only","sumreach_regs","p_w_regs","p_m_regs","recent_p_w_regs","recent_p_m_regs","population_country","p_w_country_only","p_m_country_only","recent_p_w_country_only","recent_p_m_country_only","sumreach_country","p_w_country_rhs","p_m_country_rhs","sumreach_country_rhs","recent_p_w_country_rhs","recent_p_m_country_rhs","recent_sumreach_country_rhs","p_w_country","p_m_country","recent_p_w_country","recent_p_m_country"
"1","GB","GBENG",56286961,0.0748299319727891,0.10430963773069,0.00340136054421769,0.00210526315789474,588,0.0748299319727891,0.10430963773069,0.00340136054421769,0.00210526315789474,66796807,NA,NA,NA,NA,100,0.0772076580908871,0.10664176684493,792,0.00300817775262582,0.00186190370373051,792,NA,NA,NA,NA
"2","GB","GBNIR",1893667,0.01,0.01,0,0,100,0.01,0.01,0,0,66796807,NA,NA,NA,NA,100,0.0772076580908871,0.10664176684493,792,0.00300817775262582,0.00186190370373051,792,NA,NA,NA,NA
"3","GB","GBSCT",5463300,0.125,0.164166666666667,0,0,104,0.125,0.164166666666667,0,0,66796807,NA,NA,NA,NA,100,0.0772076580908871,0.10664176684493,792,0.00300817775262582,0.00186190370373051,792,NA,NA,NA,NA
"4","GB","GBWLS",3152879,NA,NA,NA,NA,0,NA,NA,NA,NA,66796807,NA,NA,NA,NA,100,0.0772076580908871,0.10664176684493,792,0.00300817775262582,0.00186190370373051,792,NA,NA,NA,NA
