"","countrycode","regioncode","population_region","p_w_regs_only","p_m_regs_only","recent_p_w_regs_only","recent_p_m_regs_only","sumreach_regs","p_w_regs","p_m_regs","recent_p_w_regs","recent_p_m_regs","population_country","p_w_country_only","p_m_country_only","recent_p_w_country_only","recent_p_m_country_only","sumreach_country","p_w_country_rhs","p_m_country_rhs","sumreach_country_rhs","recent_p_w_country_rhs","recent_p_m_country_rhs","recent_sumreach_country_rhs","p_w_country","p_m_country","recent_p_w_country","recent_p_m_country"
"1","GB","GBENG",56286961,0.117845117845118,0.116870629370629,0.00168350168350168,0.000699300699300699,594,0.117845117845118,0.116870629370629,0.00168350168350168,0.000699300699300699,66796807,NA,NA,NA,NA,0,0.108194963522487,0.106825517019759,708,0.00153455535358294,0.00063743068533445,708,NA,NA,NA,NA
"2","GB","GBNIR",1893667,NA,NA,NA,NA,0,NA,NA,NA,NA,66796807,NA,NA,NA,NA,0,0.108194963522487,0.106825517019759,708,0.00153455535358294,0.00063743068533445,708,NA,NA,NA,NA
"3","GB","GBSCT",5463300,0.0087719298245614,0.00333333333333333,0,0,114,0.0087719298245614,0.00333333333333333,0,0,66796807,NA,NA,NA,NA,0,0.108194963522487,0.106825517019759,708,0.00153455535358294,0.00063743068533445,708,NA,NA,NA,NA
"4","GB","GBWLS",3152879,NA,NA,NA,NA,0,NA,NA,NA,NA,66796807,NA,NA,NA,NA,0,0.108194963522487,0.106825517019759,708,0.00153455535358294,0.00063743068533445,708,NA,NA,NA,NA
