"","countrycode","regioncode","population_region","p_w_regs_only","p_m_regs_only","recent_p_w_regs_only","recent_p_m_regs_only","sumreach_regs","p_w_regs","p_m_regs","recent_p_w_regs","recent_p_m_regs","population_country","p_w_country_only","p_m_country_only","recent_p_w_country_only","recent_p_m_country_only","sumreach_country","p_w_country_rhs","p_m_country_rhs","sumreach_country_rhs","recent_p_w_country_rhs","recent_p_m_country_rhs","recent_sumreach_country_rhs","p_w_country","p_m_country","recent_p_w_country","recent_p_m_country"
"1","GB","GBENG",56286961,0.0631399317406143,0.101173924115101,0.00511945392491468,0.00823529411764706,586,0.0631399317406143,0.101173924115101,0.00511945392491468,0.00823529411764706,66796807,NA,NA,NA,NA,100,0.061938877143449,0.100935605214116,760,0.00452766685634126,0.00728332919400464,760,NA,NA,NA,NA
"2","GB","GBNIR",1893667,0.01,0.01,0,0,100,0.01,0.01,0,0,66796807,NA,NA,NA,NA,100,0.061938877143449,0.100935605214116,760,0.00452766685634126,0.00728332919400464,760,NA,NA,NA,NA
"3","GB","GBSCT",5463300,0.0675675675675676,0.13,0,0,74,0.0675675675675676,0.13,0,0,66796807,NA,NA,NA,NA,100,0.061938877143449,0.100935605214116,760,0.00452766685634126,0.00728332919400464,760,NA,NA,NA,NA
"4","GB","GBWLS",3152879,NA,NA,NA,NA,0,NA,NA,NA,NA,66796807,NA,NA,NA,NA,100,0.061938877143449,0.100935605214116,760,0.00452766685634126,0.00728332919400464,760,NA,NA,NA,NA
